Program;Degree;Code;Course Name;نوع المقرر
الأنظمة;بكالوريوس;2001105-2;المدخل لدراسة الفقه الاسلامي;فريد
الأنظمة;بكالوريوس;2003111-3;مبادئ القانون;مشترك
الأنظمة;بكالوريوس;2003112-2;النظام الدستوري;فريد
الأنظمة;بكالوريوس;2003221-2;علم الإجرام والعقاب;فريد
الأنظمة;بكالوريوس;2003225-2;المنظمات الدولية;فريد
الأنظمة;بكالوريوس;990211-2;مهارات اللغة العربية;مشترك
الأنظمة;بكالوريوس;990311-2;المهارات الجامعية;مشترك
الأنظمة;بكالوريوس;999801-2;اللغة الانجليزية للأغراض الأكاديمية (1);مشترك
الأنظمة;بكالوريوس;2001113-2;أصول الفقه (1);مشترك
الأنظمة;بكالوريوس;2003210-3;مصادر الالتزام;فريد
الأنظمة;بكالوريوس;2003231-3;القانون التجاري;فريد
الأنظمة;بكالوريوس;2003243-3;القانون الإداري;فريد
الأنظمة;بكالوريوس;2004111-2;أصول الثقافة الاسلامية;مشترك
الأنظمة;بكالوريوس;105115-2;تاريخ المملكة;مشترك
الأنظمة;بكالوريوس;999802-2;اللغة الإنجليزية للأغراض الأكاديمية (2);فريد
الأنظمة;بكالوريوس;2001328-2;القواعد الفقهية;مشترك
الأنظمة;بكالوريوس;2001330-2;أصول الفقه (2);مشترك
الأنظمة;بكالوريوس;2003215-2;حقوق الانسان;مشترك
الأنظمة;بكالوريوس;2003216-2;المحاماة وأخلاقيات المهنة;فريد
الأنظمة;بكالوريوس;2003313-3;أحكام الالتزام;فريد
الأنظمة;بكالوريوس;2004112-2;الثقافة الاسلامية (الأخلاق والقيم);مشترك
الأنظمة;بكالوريوس;999803-2;اللغة الإنجليزية للأغراض الأكاديمية (3);فريد
الأنظمة;بكالوريوس;2003222-3;النظام الجزائي العام;فريد
الأنظمة;بكالوريوس;2003226-3;القانون الدولي العام;فريد
الأنظمة;بكالوريوس;2003315-3;العقود المدنية;فريد
الأنظمة;بكالوريوس;2003321-3;الأوراق التجارية والإفلاس;فريد
الأنظمة;بكالوريوس;2003352-2;وسائل الإثبات;فريد
الأنظمة;بكالوريوس;999804-2;اللغة الانجليزية للأغراض الاكاديمية (4);فريد
الأنظمة;بكالوريوس;2001318-3;فقه الجنايات;فريد
الأنظمة;بكالوريوس;2001327-3;فقه الأحوال الشخصية;فريد
الأنظمة;بكالوريوس;2003381-3;القضاء الاداري;فريد
الأنظمة;بكالوريوس;2003433-3;العقود التجارية وعمليات البنوك;فريد
الأنظمة;بكالوريوس;2003441-3;الحقوق العينية;فريد
الأنظمة;بكالوريوس;2001220-3;فقه المعاملات;مشترك
الأنظمة;بكالوريوس;2003114-2;اساسيات البحث القانوني;فريد
الأنظمة;بكالوريوس;2003255-3;الملكية الفكرية;فريد
الأنظمة;بكالوريوس;2003323-3;النظام الجزائي الخاص;فريد
الأنظمة;بكالوريوس;2003426-2;العقود الإدارية;فريد
الأنظمة;بكالوريوس;2004313-2;ثقافة إسلامية (3);مشترك
الأنظمة;بكالوريوس;2003329-2;ماده اختياريه للقسم;فريد
الأنظمة;بكالوريوس;2001401-2;المواريث والوصايا;فريد
الأنظمة;بكالوريوس;2003417-3;نظام العمل والتأمينات الاجتماعية;فريد
الأنظمة;بكالوريوس;2003453-3;نظام المرافعات;فريد
الأنظمة;بكالوريوس;2004414-2;ثقافة إسلامية (4);مشترك
الأنظمة;بكالوريوس;20034101-3;القانون البحري والجوي;فريد
الأنظمة;بكالوريوس;2003402-2;ماده اختياريه للقسم;فريد
الأنظمة;بكالوريوس;2003404-2;تدريبات قانونية;فريد
الأنظمة;بكالوريوس;2003442-3;النظام الدولي الخاص;فريد
الأنظمة;بكالوريوس;2003456-2;نظام التحكيم;فريد
الأنظمة;بكالوريوس;2003489-3;الإجراءات الجزائية;فريد
الأنظمة;بكالوريوس;2003492-3;إجراءات التنفيذ القضائي;فريد
الأنظمة;بكالوريوس;2003403-2;ماده اختياريه للقسم;فريد
الأنظمة;بكالوريوس;990113-2;الثقافة الصحية;مشترك
الأنظمة;بكالوريوس;990312-2;الابتكار وريادة الأعمال;مشترك
الأنظمة;بكالوريوس;990411-2;مبادئ البرمجة;مشترك
الأنظمة;بكالوريوس;990412-2;المواطنة الرقمية;مشترك
الأنظمة;بكالوريوس;990413-2;السيرة النبوية;مشترك
الأنظمة;بكالوريوس;990415-2;تلاوة وتجويد;مشترك
الأنظمة;بكالوريوس;990416-2;الإعلام والمجتمع;مشترك
الأنظمة;بكالوريوس;990417-2;الخدمة المجتمعية;مشترك
الشريعة;بكالوريوس;2001108-2;التوحيد العملي;مشترك
الشريعة;بكالوريوس;2001110-2;المقدمات الأصولية;فريد
الشريعة;بكالوريوس;2001115-4;الفقه (1);مشترك
الشريعة;بكالوريوس;2001193-2;علوم الحديث(1);فريد
الشريعة;بكالوريوس;2001260-2;المدخل لدراسة الشريعة;مشترك
الشريعة;بكالوريوس;2002128-1;القرآن الكريم (1);مشترك
الشريعة;بكالوريوس;2002230-2;علوم قرآن;فريد
الشريعة;بكالوريوس;103171-2;التحرير العربي;مشترك
الشريعة;بكالوريوس;990311-2;المهارات الجامعية;مشترك
الشريعة;بكالوريوس;999801-2;اللغة الانجليزية للأغراض الأكاديمية (1);مشترك
الشريعة;بكالوريوس;2001107-2;التوحيد العلمي;مشترك
الشريعة;بكالوريوس;2001116-4;الفقه (2);مشترك
الشريعة;بكالوريوس;2001126-2;فقه تاريخ عصر الراشدين;فريد
الشريعة;بكالوريوس;2001127-2;الحكم الشرعي والتكليف;فريد
الشريعة;بكالوريوس;2001192-2;علوم الحديث ٢;فريد
الشريعة;بكالوريوس;2001281-2;فقه السيرة النبوية;فريد
الشريعة;بكالوريوس;2002129-1;القرآن الكريم (2);مشترك
الشريعة;بكالوريوس;2002241-2;تفسير آيات الحكام (1);فريد
الشريعة;بكالوريوس;2004111-2;أصول الثقافة الاسلامية;مشترك
الشريعة;بكالوريوس;999813-2;اللغة الإنجليزية للأغراض الأكاديمية ٢;مشترك
الشريعة;بكالوريوس;2001210-2;النبوات والمعاد;فريد
الشريعة;بكالوريوس;2001215-4;الفقه (3);مشترك
الشريعة;بكالوريوس;2001219-3;أدلة الحكام الشرعية (1);فريد
الشريعة;بكالوريوس;2001231-2;أحاديث الحكام (1);فريد
الشريعة;بكالوريوس;2001482-2;قاعة بحث;مشترك
الشريعة;بكالوريوس;2002211-1;القرآن الكريم (3);مشترك
الشريعة;بكالوريوس;2002242-2;تفسير آيات الحكام (2);فريد
الشريعة;بكالوريوس;2004112-2;الثقافة الاسلامية (الأخلاق والقيم);مشترك
الشريعة;بكالوريوس;103281-2;النحو (1);مشترك
الشريعة;بكالوريوس;105115-2;تاريخ المملكة;مشترك
الشريعة;بكالوريوس;2001216-4;الفقه (4);مشترك
الشريعة;بكالوريوس;2001217-4;أدلة الحكام الشرعية (2);فريد
الشريعة;بكالوريوس;2001225-2;الفقه المقارن;مشترك
الشريعة;بكالوريوس;2001332-2;أحاديث الحكام (2);فريد
الشريعة;بكالوريوس;2002221-1;القرآن الكريم (4);مشترك
الشريعة;بكالوريوس;2002250-2;أصول التفسير ومناهجه;مشترك
الشريعة;بكالوريوس;2002343-2;تفسير آيات الحكام (3);فريد
الشريعة;بكالوريوس;103282-2;النحو (2);مشترك
الشريعة;بكالوريوس;2001310-2;السياسة الشرعية;فريد
الشريعة;بكالوريوس;2001311-4;الفقه (5);مشترك
الشريعة;بكالوريوس;2001312-2;الإيمان والقدر;مشترك
الشريعة;بكالوريوس;2001319-3;دالالت اللفاظ (1);فريد
الشريعة;بكالوريوس;2001351-3;علم المواريث 1;فريد
الشريعة;بكالوريوس;2002311-1;القرآن الكريم (5);مشترك
الشريعة;بكالوريوس;103213-3;النحو (3);مشترك
الشريعة;بكالوريوس;200332-1;نظام المرافعات الشرعية;فريد
الشريعة;بكالوريوس;2001280-2;أصول الدعوة والحسبة;فريد
الشريعة;بكالوريوس;2001301-2;تدوين السنة;فريد
الشريعة;بكالوريوس;2001321-4;الفقه (6);مشترك
الشريعة;بكالوريوس;2001326-2;دلالات الألفاظ (2);فريد
الشريعة;بكالوريوس;2001352-2;علم المواريث (2);مشترك
الشريعة;بكالوريوس;2001476-2;الأديان والفرق;فريد
الشريعة;بكالوريوس;2002312-1;القرآن الكريم (6);مشترك
الشريعة;بكالوريوس;2003328-1;نظام الإجراءات الجزائية;فريد
الشريعة;بكالوريوس;103349-2;النحو (4);مشترك
الشريعة;بكالوريوس;2001411-4;الفقه (7);مشترك
الشريعة;بكالوريوس;2001413-2;تخريج الفروع على الأصول;فريد
الشريعة;بكالوريوس;2001414-4;القياس;مشترك
الشريعة;بكالوريوس;2001419-2;القواعد الفقهية (1);فريد
الشريعة;بكالوريوس;2001493-2;تخريج ودراسة الأسانيد;مشترك
الشريعة;بكالوريوس;2002411-1;القرآن الكريم (7);مشترك
الشريعة;بكالوريوس;2003230-2;مبادئ القانون التجاري;فريد
الشريعة;بكالوريوس;2003410-2;النظام القضائي في المملكة;فريد
الشريعة;بكالوريوس;2004414-2;ثقافة إسلامية (4);مشترك
الشريعة;بكالوريوس;103141-2;البلاغة;مشترك
الشريعة;بكالوريوس;1034101-2;البلاغة;مشترك
الشريعة;بكالوريوس;2001148-2;الخلاف والمناظرة;فريد
الشريعة;بكالوريوس;2001346-2;مقاصد الشريعة;مشترك
الشريعة;بكالوريوس;2001375-2;مذاهب فكرية معاصرة;مشترك
الشريعة;بكالوريوس;2001383-2;الاقتصاد الإسالمي;فريد
الشريعة;بكالوريوس;2001420-2;التدريبات العملية;فريد
الشريعة;بكالوريوس;2001421-4;الفقه (8);فريد
الشريعة;بكالوريوس;2001425-2;القواعد الفقهية (2);فريد
الشريعة;بكالوريوس;2001433-2;الاجتهاد والتعارض والترجيح;فريد
الشريعة;بكالوريوس;2001465-2;فقه النوازل;مشترك
الشريعة;بكالوريوس;2002421-1;القرآن الكريم (8);مشترك
الشريعة;بكالوريوس;990113-2;الثقافة الصحية;مشترك
الشريعة;بكالوريوس;990312-2;الابتكار وريادة الأعمال;مشترك
الشريعة;بكالوريوس;990411-2;مبادئ البرمجة;مشترك
الشريعة;بكالوريوس;990412-2;المواطنة الرقمية;مشترك
الشريعة;بكالوريوس;990413-2;السيرة النبوية;مشترك
الشريعة;بكالوريوس;990415-2;تلاوة وتجويد;مشترك
الشريعة;بكالوريوس;990416-2;الإعلام والمجتمع;مشترك
الشريعة;بكالوريوس;990417-2;الخدمة المجتمعية;مشترك
الدراسات القرآنية;دكتوراه;2002705-3;التفسير المقارن;فريد
الدراسات القرآنية;دكتوراه;2002706-3;النقد والتجديد في الدراسات القرآنية;فريد
الدراسات القرآنية;دكتوراه;2002707-3;دراسات في نسخ التفسير وأسانيده;فريد
الدراسات القرآنية;دكتوراه;2002708-3;دراسات في حواشي التفسير;فريد
الدراسات القرآنية;دكتوراه;20029999-0;الاختبار الشامل;مشترك
الدراسات القرآنية;دكتوراه;2002709-48;الرسالة;مشترك
القراءات;دكتوراه;2002700-4;فرش القراءات العشر الكبرى;فريد
القراءات;دكتوراه;2002701-4;عرض القراءات العشر الكبرى;فريد
القراءات;دكتوراه;2002702-2;دراسات في القراءات الشاذة وتوجيهها;فريد
القراءات;دكتوراه;2002703-2;دراسات في طبقات القراء وأسانيدهم;فريد
القراءات;دكتوراه;20029999-0;الاختبار الشامل;مشترك
القراءات;دكتوراه;2002704-48;الرسالة;مشترك
الدراسات القرآنية المعاصرة;ماجستير;2002851-4;أصول التفسير;فريد
الدراسات القرآنية المعاصرة;ماجستير;2002852-2;تاريخ التفسير;فريد
الدراسات القرآنية المعاصرة;ماجستير;2002853-2;دراسات في علوم القرآن;فريد
الدراسات القرآنية المعاصرة;ماجستير;2002854-2;علم القراءات دراية;فريد
الدراسات القرآنية المعاصرة;ماجستير;2002855-2;مصادر الدراسات القرآنية;فريد
الدراسات القرآنية المعاصرة;ماجستير;2002861-4;التفسير التحليلي;فريد
الدراسات القرآنية المعاصرة;ماجستير;2002862-2;الدراسات القرآنية عند المستشرقين;فريد
الدراسات القرآنية المعاصرة;ماجستير;2002863-2;منهج البحث والتحقيق;فريد
الدراسات القرآنية المعاصرة;ماجستير;2002864-2;دراسات في مناهج المفسرين;فريد
الدراسات القرآنية المعاصرة;ماجستير;2002871-2;التفسير الموضوعي;فريد
الدراسات القرآنية المعاصرة;ماجستير;2002872-2;النظريات الحداثية في القرآن;فريد
الدراسات القرآنية المعاصرة;ماجستير;2002873-2;دراسات في إعجاز القرآن;فريد
الدراسات القرآنية المعاصرة;ماجستير;2002874-2;دراسات في لغة القرآن;فريد
الدراسات القرآنية المعاصرة;ماجستير;2002888-4;مشروع بحثي;مشترك
القراءات;ماجستير;2002801-8;القراءات العشر الكبرى (1);فريد
القراءات;ماجستير;2002802-2;علم القراءات دراية;فريد
القراءات;ماجستير;2002803-2;دراسات في توجيه القراءات;فريد
القراءات;ماجستير;2002811-8;القراءات العشر الكبرى (2);فريد
القراءات;ماجستير;2002812-2;دراسات في المصاحف القرآنية;فريد
القراءات;ماجستير;2002813-2;منهج البحث والتحقيق;فريد
القراءات;ماجستير;2002821-8;القراءات العشر الكبرى (3);فريد
القراءات;ماجستير;2002831-4;مشروع بحثي;مشترك
الدراسات الإسلامية;بكالوريوس;2002131-2;علوم القرآن (1);مشترك
الدراسات الإسلامية;بكالوريوس;2002250-2;أصول التفسير ومناهجه;مشترك
الدراسات الإسلامية;بكالوريوس;20021105-2;قرآن كريم حفظ وتلاوة (1);فريد
الدراسات الإسلامية;بكالوريوس;20041102-2;علوم الحديث (1);مشترك
الدراسات الإسلامية;بكالوريوس;20041103-2;مقدمات علم العقيده (1);فريد
الدراسات الإسلامية;بكالوريوس;20041104-2;المدخل للشريعه والفقه الاسلامي (1);فريد
الدراسات الإسلامية;بكالوريوس;103171-2;التحرير العربي;مشترك
الدراسات الإسلامية;بكالوريوس;990311-2;المهارات الجامعية;مشترك
الدراسات الإسلامية;بكالوريوس;999812-2;اللغة الانجليزية للأغراض الأكاديمية (1);مشترك
الدراسات الإسلامية;بكالوريوس;2004111-2;أصول الثقافة الاسلامية;مشترك
الدراسات الإسلامية;بكالوريوس;20021201-2;قرآن كريم حفظ وتلاوة (2);فريد
الدراسات الإسلامية;بكالوريوس;20041201-2;التجويد;فريد
الدراسات الإسلامية;بكالوريوس;20041203-2;التفسير التحليلي (1);مشترك
الدراسات الإسلامية;بكالوريوس;20041204-2;حديث (1);فريد
الدراسات الإسلامية;بكالوريوس;20041205-2;الفقه (1);مشترك
الدراسات الإسلامية;بكالوريوس;20041206-2;العقيدة (1);مشترك
الدراسات الإسلامية;بكالوريوس;103281-2;النحو (1);مشترك
الدراسات الإسلامية;بكالوريوس;999813-2;اللغة الإنجليزية للأغراض الأكاديمية ٢;مشترك
الدراسات الإسلامية;بكالوريوس;2003220-2;المدخل لدراسة الأنظمة;مشترك
الدراسات الإسلامية;بكالوريوس;2004112-2;الثقافة الاسلامية (الأخلاق والقيم);مشترك
الدراسات الإسلامية;بكالوريوس;20022103-2;قرآن كريم حفظ وتلاوة (3);فريد
الدراسات الإسلامية;بكالوريوس;20042102-2;الفقه (2);مشترك
الدراسات الإسلامية;بكالوريوس;20042104-2;علوم القرآن (2);مشترك
الدراسات الإسلامية;بكالوريوس;20042105-2;العقيدة (2);مشترك
الدراسات الإسلامية;بكالوريوس;20042106-2;أصول فقه (1);فريد
الدراسات الإسلامية;بكالوريوس;20042107-2;علوم الحديث (2);مشترك
الدراسات الإسلامية;بكالوريوس;20022203-2;قرآن كريم حفظ وتلاوة (4);فريد
الدراسات الإسلامية;بكالوريوس;20042201-2;أحاديث أحكام (1);فريد
الدراسات الإسلامية;بكالوريوس;20042202-2;التفسير التحليلي (2);مشترك
الدراسات الإسلامية;بكالوريوس;20042203-2;العقيدة (3);مشترك
الدراسات الإسلامية;بكالوريوس;20042204-2;الفقه (3);مشترك
الدراسات الإسلامية;بكالوريوس;20042205-2;حديث (2);فريد
الدراسات الإسلامية;بكالوريوس;20042206-2;الدعوة والحسبة;فريد
الدراسات الإسلامية;بكالوريوس;103282-2;النحو (2);مشترك
الدراسات الإسلامية;بكالوريوس;105115-2;تاريخ المملكة;مشترك
الدراسات الإسلامية;بكالوريوس;2002310-2;قرآن كريم حفظ وتلاوة (5);فريد
الدراسات الإسلامية;بكالوريوس;20043101-2;التفسير الموضوعي;مشترك
الدراسات الإسلامية;بكالوريوس;20043102-2;العقيدة (4);مشترك
الدراسات الإسلامية;بكالوريوس;20043103-2;الاديان;فريد
الدراسات الإسلامية;بكالوريوس;20043104-2;الفقه (4);مشترك
الدراسات الإسلامية;بكالوريوس;20043105-2;الفقه المقارن;مشترك
الدراسات الإسلامية;بكالوريوس;20043106-2;اصول الفقه (2);فريد
الدراسات الإسلامية;بكالوريوس;20043107-2;حديث (3);فريد
الدراسات الإسلامية;بكالوريوس;20043108-2;علم المواريث (1);فريد
الدراسات الإسلامية;بكالوريوس;2004313-2;ثقافة إسلامية (3);مشترك
الدراسات الإسلامية;بكالوريوس;20023203-2;قرآن كريم حفظ وتلاوة (6);فريد
الدراسات الإسلامية;بكالوريوس;20043201-2;العقيدة (5);فريد
الدراسات الإسلامية;بكالوريوس;20043202-2;القواعد الفقهية;مشترك
الدراسات الإسلامية;بكالوريوس;20043203-2;أحدايث احكام (2);فريد
الدراسات الإسلامية;بكالوريوس;20043204-2;الفقه (5);مشترك
الدراسات الإسلامية;بكالوريوس;20043205-2;التفسير التحليلي (3);مشترك
الدراسات الإسلامية;بكالوريوس;20043206-2;تخريج الحديث;فريد
الدراسات الإسلامية;بكالوريوس;103245-2;النحو (3);مشترك
الدراسات الإسلامية;بكالوريوس;2004414-2;ثقافة إسلامية (4);مشترك
الدراسات الإسلامية;بكالوريوس;20024103-2;قرآن كريم حفظ وتلاوة (7);فريد
الدراسات الإسلامية;بكالوريوس;20044101-2;أصول فقه (3);فريد
الدراسات الإسلامية;بكالوريوس;20044102-2;العقيدة (6);فريد
الدراسات الإسلامية;بكالوريوس;20044103-2;مناهج البحث;مشترك
الدراسات الإسلامية;بكالوريوس;20044104-2;دراسة اسانيد;فريد
الدراسات الإسلامية;بكالوريوس;20044105-2;الفقه (6);مشترك
الدراسات الإسلامية;بكالوريوس;20044106-2;فقه النوازل والمعاملات المصرفية;فريد
الدراسات الإسلامية;بكالوريوس;20044107-2;حديث (4);فريد
الدراسات الإسلامية;بكالوريوس;20024203-2;قرآن كريم حفظ وتلاوة (8);فريد
الدراسات الإسلامية;بكالوريوس;20044201-2;الفقه (7);مشترك
الدراسات الإسلامية;بكالوريوس;20044202-2;بحث التخرج;فريد
الدراسات الإسلامية;بكالوريوس;20044203-2;التفسير التحليلي (4);فريد
الدراسات الإسلامية;بكالوريوس;20044204-2;المذاهب والتيارات المعاصرة;مشترك
الدراسات الإسلامية;بكالوريوس;20044205-2;الفرق;مشترك
الدراسات الإسلامية;بكالوريوس;20044206-2;علم المواريث (2);مشترك
الدراسات الإسلامية;بكالوريوس;20044207-2;السيرة النبوية;مشترك
الدراسات الإسلامية;بكالوريوس;20044208-2;أحاديث أحكام (3);فريد
الدراسات الإسلامية;بكالوريوس;990113-2;الثقافة الصحية;مشترك
الدراسات الإسلامية;بكالوريوس;990312-2;الابتكار وريادة الأعمال;مشترك
الدراسات الإسلامية;بكالوريوس;990411-2;مبادئ البرمجة;مشترك
الدراسات الإسلامية;بكالوريوس;990412-2;المواطنة الرقمية;مشترك
الدراسات الإسلامية;بكالوريوس;990416-2;الإعلام والمجتمع;مشترك
الدراسات الإسلامية;بكالوريوس;990417-2;الخدمة المجتمعية;مشترك
القراءات;بكالوريوس;2001106-2;السيرة النبوية;مشترك
القراءات;بكالوريوس;2002102-4;أصول القراءات السبع (1);فريد
القراءات;بكالوريوس;2002103-2;التجويد (1);مشترك
القراءات;بكالوريوس;2002104-2;آداب حملة القرآن;مشترك
القراءات;بكالوريوس;2002110-2;مدخل إلى علوم القراءات;مشترك
القراءات;بكالوريوس;2002131-2;علوم القرآن (1);مشترك
القراءات;بكالوريوس;990311-2;المهارات الجامعية;مشترك
القراءات;بكالوريوس;999801-2;اللغة الانجليزية للأغراض الأكاديمية (1);مشترك
القراءات;بكالوريوس;2001101-2;مصطلح الحديث;مشترك
القراءات;بكالوريوس;2002105-4;أصول القراءات السبع (2);فريد
القراءات;بكالوريوس;2002106-2;التجويد (2);مشترك
القراءات;بكالوريوس;2002232-2;علوم القرآن (2);مشترك
القراءات;بكالوريوس;2002250-2;أصول التفسير ومناهجه;مشترك
القراءات;بكالوريوس;2004111-2;أصول الثقافة الاسلامية;مشترك
القراءات;بكالوريوس;103171-2;التحرير العربي;مشترك
القراءات;بكالوريوس;103281-2;النحو (1);مشترك
القراءات;بكالوريوس;105115-2;تاريخ المملكة;مشترك
القراءات;بكالوريوس;999813-2;اللغة الإنجليزية للأغراض الأكاديمية ٢;مشترك
القراءات;بكالوريوس;2001205-2;الحديث (1);مشترك
القراءات;بكالوريوس;2001221-2;الفقة (1);مشترك
القراءات;بكالوريوس;2001273-2;العقيدة (1);مشترك
القراءات;بكالوريوس;2002201-2;فرش القراءات السبع (1);فريد
القراءات;بكالوريوس;2002203-4;عرض القراءات السبع (1);فريد
القراءات;بكالوريوس;2002204-2;التفسير (1);مشترك
القراءات;بكالوريوس;2004112-2;الثقافة الاسلامية (الأخلاق والقيم);مشترك
القراءات;بكالوريوس;103282-2;النحو (2);مشترك
القراءات;بكالوريوس;2001209-2;الحديث (2);مشترك
القراءات;بكالوريوس;2001245-2;العقيدة (2);مشترك
القراءات;بكالوريوس;2001322-2;الفقه (2);مشترك
القراءات;بكالوريوس;2002206-2;فرش القراءات السبع (2);فريد
القراءات;بكالوريوس;2002207-4;عرض القراءات السبع (2);فريد
القراءات;بكالوريوس;2002208-2;التفسير (2);مشترك
القراءات;بكالوريوس;103245-2;النحو (3);مشترك
القراءات;بكالوريوس;200230-2;فرش القراءات السبع (3);مشترك
القراءات;بكالوريوس;2001445-2;أصول الفقه;فريد
القراءات;بكالوريوس;2002302-4;عرض القراءات السبع (3);فريد
القراءات;بكالوريوس;2002305-2;رسم المصحف (1);فريد
القراءات;بكالوريوس;2002306-2;التفسير (3);مشترك
القراءات;بكالوريوس;2002503-2;توجيه القراءات;مشترك
القراءات;بكالوريوس;103349-2;النحو (4);مشترك
القراءات;بكالوريوس;2001320-2;الحديث (3);مشترك
القراءات;بكالوريوس;2001340-2;التخريج;مشترك
القراءات;بكالوريوس;2001373-2;العقيدة (3);مشترك
القراءات;بكالوريوس;2002307-2;فرش القراءات السبع (4);فريد
القراءات;بكالوريوس;2002308-4;عرض القراءات السبع (4);فريد
القراءات;بكالوريوس;2002309-2;رسم المصحف (2);فريد
القراءات;بكالوريوس;2002454-2;التفسير الموضوعي;مشترك
القراءات;بكالوريوس;2004313-2;ثقافة إسلامية (3);مشترك
القراءات;بكالوريوس;2001403-2;المعاصرة الأديان والفرق والمذاهب;مشترك
القراءات;بكالوريوس;2002401-2;القراءات الثالث (1);فريد
القراءات;بكالوريوس;2002402-4;عرض القراءات الثالث (1);فريد
القراءات;بكالوريوس;2002405-2;مناهج البحث;مشترك
القراءات;بكالوريوس;2002406-2;التقنيات الحديثة في الدراسات القرآنية;مشترك
القراءات;بكالوريوس;2002425-2;علم الضبط;فريد
القراءات;بكالوريوس;2004414-2;ثقافة إسلامية (4);مشترك
القراءات;بكالوريوس;2001474-2;العقيدة (4);مشترك
القراءات;بكالوريوس;2002407-2;القراءات الثالث (2);فريد
القراءات;بكالوريوس;2002408-4;عرض القراءات الثالث (2);فريد
القراءات;بكالوريوس;2002409-2;علم عد الآي;فريد
القراءات;بكالوريوس;2002410-2;الانتصار للقرآن;مشترك
القراءات;بكالوريوس;2002412-2;قاعة بحث قراءات;مشترك
القراءات;بكالوريوس;2002456-2;إعجاز القرآن الكريم;مشترك
القراءات;بكالوريوس;990113-2;الثقافة الصحية;مشترك
القراءات;بكالوريوس;990312-2;الابتكار وريادة الأعمال;مشترك
القراءات;بكالوريوس;990411-2;مبادئ البرمجة;مشترك
القراءات;بكالوريوس;990412-2;المواطنة الرقمية;مشترك
القراءات;بكالوريوس;990413-2;السيرة النبوية;مشترك
القراءات;بكالوريوس;990415-2;تلاوة وتجويد;مشترك
القراءات;بكالوريوس;990416-2;الإعلام والمجتمع;مشترك
القراءات;بكالوريوس;990417-2;الخدمة المجتمعية;مشترك
القرآن وعلومه;بكالوريوس;2001106-2;السيرة النبوية;مشترك
القرآن وعلومه;بكالوريوس;2001160-2;المدخل لدراسة الشريعة;مشترك
القرآن وعلومه;بكالوريوس;2002110-2;مدخل إلى علوم القراءات;مشترك
القرآن وعلومه;بكالوريوس;2002114-2;تلاوة وحفظ (1);فريد
القرآن وعلومه;بكالوريوس;2002115-2;التجويد (1);مشترك
القرآن وعلومه;بكالوريوس;2002116-2;آداب حملة القرآن;مشترك
القرآن وعلومه;بكالوريوس;2002117-2;تاريخ التفسير;مشترك
القرآن وعلومه;بكالوريوس;2002131-2;علوم القرآن (1);مشترك
القرآن وعلومه;بكالوريوس;103171-2;التحرير العربي;مشترك
القرآن وعلومه;بكالوريوس;990311-2;المهارات الجامعية;مشترك
القرآن وعلومه;بكالوريوس;999812-2;اللغة الانجليزية للأغراض الأكاديمية (1);مشترك
القرآن وعلومه;بكالوريوس;2001101-2;مصطلح الحديث;مشترك
القرآن وعلومه;بكالوريوس;2002124-2;تلاوة وحفظ (2);فريد
القرآن وعلومه;بكالوريوس;2002125-2;التجويد (2);مشترك
القرآن وعلومه;بكالوريوس;2002204-2;التفسير (1);مشترك
القرآن وعلومه;بكالوريوس;2002232-2;علوم القرآن (2);مشترك
القرآن وعلومه;بكالوريوس;2002250-2;أصول التفسير ومناهجه;مشترك
القرآن وعلومه;بكالوريوس;2004111-2;أصول الثقافة الاسلامية;مشترك
القرآن وعلومه;بكالوريوس;103281-2;النحو (1);مشترك
القرآن وعلومه;بكالوريوس;105115-2;تاريخ المملكة;مشترك
القرآن وعلومه;بكالوريوس;999813-2;اللغة الإنجليزية للأغراض الأكاديمية ٢;مشترك
القرآن وعلومه;بكالوريوس;101221-2;الفقه (1);مشترك
القرآن وعلومه;بكالوريوس;2001171-2;العقيدة (1);مشترك
القرآن وعلومه;بكالوريوس;2001205-2;الحديث (1);مشترك
القرآن وعلومه;بكالوريوس;2002208-2;التفسير (2);مشترك
القرآن وعلومه;بكالوريوس;2002212-2;قواعد التفسير;فريد
القرآن وعلومه;بكالوريوس;2002215-2;تلاوة وحفظ (3);فريد
القرآن وعلومه;بكالوريوس;2002333-2;علوم القرآن (3);فريد
القرآن وعلومه;بكالوريوس;2004112-2;الثقافة الاسلامية (الأخلاق والقيم);مشترك
القرآن وعلومه;بكالوريوس;103282-2;النحو (2);مشترك
القرآن وعلومه;بكالوريوس;200230-2;فرش القراءات السبع (3);مشترك
القرآن وعلومه;بكالوريوس;2001209-2;الحديث (2);مشترك
القرآن وعلومه;بكالوريوس;2001245-2;العقيدة (2);مشترك
القرآن وعلومه;بكالوريوس;2001322-2;الفقه (2);مشترك
القرآن وعلومه;بكالوريوس;2002222-2;مناهج المفسرين;فريد
القرآن وعلومه;بكالوريوس;2002223-2;علوم القرآن (4);فريد
القرآن وعلومه;بكالوريوس;2002224-2;تلاوة وحفظ (4);فريد
القرآن وعلومه;بكالوريوس;2003220-2;المدخل لدراسة الأنظمة;مشترك
القرآن وعلومه;بكالوريوس;103245-2;النحو (3);مشترك
القرآن وعلومه;بكالوريوس;2001113-2;أصول الفقه (1);مشترك
القرآن وعلومه;بكالوريوس;2001317-2;الفقه (3);مشترك
القرآن وعلومه;بكالوريوس;2002240-2;تفسير آيات الأحكام;فريد
القرآن وعلومه;بكالوريوس;2002313-2;علوم قرآن (5);فريد
القرآن وعلومه;بكالوريوس;2002314-2;تلاوة وحفظ (5);فريد
القرآن وعلومه;بكالوريوس;2002317-2;التفسير (4);فريد
القرآن وعلومه;بكالوريوس;2002318-2;توجيه القراءات;مشترك
القرآن وعلومه;بكالوريوس;103349-2;النحو (4);مشترك
القرآن وعلومه;بكالوريوس;2001320-2;الحديث (3);مشترك
القرآن وعلومه;بكالوريوس;2001330-2;أصول الفقه (2);مشترك
القرآن وعلومه;بكالوريوس;2001340-2;التخريج;مشترك
القرآن وعلومه;بكالوريوس;2001373-2;العقيدة (3);مشترك
القرآن وعلومه;بكالوريوس;2002325-2;تلاوة وحفظ (6);فريد
القرآن وعلومه;بكالوريوس;2002326-2;علوم القرآن (6);فريد
القرآن وعلومه;بكالوريوس;2002327-2;التفسير (5);فريد
القرآن وعلومه;بكالوريوس;2002454-2;التفسير الموضوعي;مشترك
القرآن وعلومه;بكالوريوس;2001403-2;المعاصرة الأديان والفرق والمذاهب;مشترك
القرآن وعلومه;بكالوريوس;2002413-2;التفسير (6);فريد
القرآن وعلومه;بكالوريوس;2002414-2;تلاوة وحفظ (7);فريد
القرآن وعلومه;بكالوريوس;2002415-2;القراءات القرآنية;فريد
القرآن وعلومه;بكالوريوس;2002416-2;التقنيات الحديثة في الدراسات القرآنية;مشترك
القرآن وعلومه;بكالوريوس;2002419-2;مناهج البحث;مشترك
القرآن وعلومه;بكالوريوس;2004414-2;ثقافة إسلامية (4);مشترك
القرآن وعلومه;بكالوريوس;103411-2;الصرف;مشترك
القرآن وعلومه;بكالوريوس;103412-2;البلاغة (1);فريد
القرآن وعلومه;بكالوريوس;200245-2;إعجاز القرآن الكريم;مشترك
القرآن وعلومه;بكالوريوس;2001424-2;الفقة (4);فريد
القرآن وعلومه;بكالوريوس;2001474-2;العقيدة (4);مشترك
القرآن وعلومه;بكالوريوس;2002412-2;قاعة بحث قراءات;مشترك
القرآن وعلومه;بكالوريوس;2002420-2;تلاوة وحفظ (8);فريد
القرآن وعلومه;بكالوريوس;2002427-2;التفسير (8);فريد
القرآن وعلومه;بكالوريوس;2002429-2;الانتصار للقرآن;مشترك
القرآن وعلومه;بكالوريوس;103422-2;البلاغة (2);فريد
القرآن وعلومه;بكالوريوس;990113-2;الثقافة الصحية;مشترك
القرآن وعلومه;بكالوريوس;990312-2;الابتكار وريادة الأعمال;مشترك
القرآن وعلومه;بكالوريوس;990411-2;مبادئ البرمجة;مشترك
القرآن وعلومه;بكالوريوس;990412-2;المواطنة الرقمية;مشترك
القرآن وعلومه;بكالوريوس;990413-2;السيرة النبوية;مشترك
القرآن وعلومه;بكالوريوس;990415-2;تلاوة وتجويد;مشترك
القرآن وعلومه;بكالوريوس;990416-2;الإعلام والمجتمع;مشترك
القرآن وعلومه;بكالوريوس;990417-2;الخدمة المجتمعية;مشترك
الأنظمة;بكالوريوس;2001112-2;المدخل لدراسة الفقه;مشترك
الأنظمة;بكالوريوس;2002252-2;علوم القران العامة;مشترك
الأنظمة;بكالوريوس;2004258-2;دراسات في السيرة النبوية;مشترك
الأنظمة;بكالوريوس;104999-3;مهارات اللغة الإنجليزية;مشترك
الأنظمة;بكالوريوس;20041302-2;الثقافة الإسلامية (العقيدة والشريعة);مشترك
الأنظمة;بكالوريوس;20041303-2;الثقافة الإسلامية (السنة في الإسلام);مشترك
الأنظمة;بكالوريوس;2004313-2;الثقافة الإسلامية (النظام الاجتماعي في الإسلام);مشترك
الأنظمة;بكالوريوس;2003111-3;مبادي القانون;فريد
الأنظمة;بكالوريوس;2003114-3;القانون الدستوري;فريد
الأنظمة;بكالوريوس;2001276-3;حقوق الإنسان;فريد
الأنظمة;بكالوريوس;2003210-3;مصادر الإلتزام;فريد
الأنظمة;بكالوريوس;2003243-3;القانون الإداري;فريد
الأنظمة;بكالوريوس;2003211-3;المنظمات الدولية;فريد
الأنظمة;بكالوريوس;2003231-3;القانون التجاري;فريد
الأنظمة;بكالوريوس;2003313-3;أحكام الإلتزام;فريد
الأنظمة;بكالوريوس;2003433-3;العقود التجارية وعمليات البنوك;فريد
الأنظمة;بكالوريوس;20032022-3;علم الإجرام والعقاب;فريد
الأنظمة;بكالوريوس;2003226-3;القانون الدولي العام;فريد
الأنظمة;بكالوريوس;2003227-3;قانون الإثبات;فريد
الأنظمة;بكالوريوس;2003228-3;القانون المالي;فريد
الأنظمة;بكالوريوس;2003229-3;تحليل النصوص القانونية;فريد
الأنظمة;بكالوريوس;2003321-3;الأوراق التجارية والإفلاس;فريد
الأنظمة;بكالوريوس;2003222-3;النظام الجزائي العام;فريد
الأنظمة;بكالوريوس;2003380-3;قانون الشركات والحوكمة;فريد
الأنظمة;بكالوريوس;2003381-3;القضاء الإداري;فريد
الأنظمة;بكالوريوس;2003382-4;قانون الأحوال الشخصية;فريد
الأنظمة;بكالوريوس;2003383-3;المحاماة وأخالقيات المهنة;فريد
الأنظمة;بكالوريوس;2003441-3;الحقوق العينية;فريد
الأنظمة;بكالوريوس;2003202-2;القانون الدولي الإنساني;فريد
الأنظمة;بكالوريوس;2003203-3;العقود الإدارية;فريد
الأنظمة;بكالوريوس;2003204-3;الكتابة القانونية الأكاديمية;فريد
الأنظمة;بكالوريوس;2003205-3;العقود التجارية الدولية;فريد
الأنظمة;بكالوريوس;20033201-3;الملكية الفكرية;فريد
الأنظمة;بكالوريوس;2003323-3;النظام الجزائي الخاص;فريد
الأنظمة;بكالوريوس;2003102-3;قانون العمل والتأمينات الاجتماعية;فريد
الأنظمة;بكالوريوس;2003103-3;الكتابة المهنية القانونية;فريد
الأنظمة;بكالوريوس;2003104-3;قانون المرافعات;فريد
الأنظمة;بكالوريوس;2003105-3;القانون الدولي الخاص;فريد
الأنظمة;بكالوريوس;2003106-3;تدريبات قانونية;فريد
الأنظمة;بكالوريوس;20034101-3;القانون البحري والجوي;فريد
الأنظمة;بكالوريوس;2003107-3;تدريبات قانونية;فريد
الأنظمة;بكالوريوس;2003108-2;قانون التحكيم;فريد
الأنظمة;بكالوريوس;2003315-3;العقود المدنية;فريد
الأنظمة;بكالوريوس;2003489-3;الإجراءات الجزائية;فريد
الأنظمة;بكالوريوس;2003492-3;إجراءات التنفيذ القضائي;فريد
الأنظمة;بكالوريوس;105125-2;تاريخ المملكة العربية السعودية;مشترك
الأنظمة;بكالوريوس;1061120-2;صناعة المحتوى الرقمي;مشترك
الأنظمة;بكالوريوس;2001114-2;ملامح السيرة النبوية;مشترك
الأنظمة;بكالوريوس;20031301-2;مبادئ القانون;مشترك
الأنظمة;بكالوريوس;3051123-2;العمل التطوعي والمسؤولية المجتمعية;مشترك
الأنظمة;بكالوريوس;44041122-2;التصميم والجرافيك;مشترك
الأنظمة;بكالوريوس;5011119-2;تطبيقات الذكاء الاصطناعي;فريد
الأنظمة;بكالوريوس;5011121-2;البرمجة لغير المختصين;مشترك
الأنظمة;بكالوريوس;5021118-2;مهارات الحاسب الآلي وتقنية المعلومات;مشترك
الأنظمة;بكالوريوس;1031101-2;مهارات اللغة العربية;مشترك
الأنظمة;بكالوريوس;1081113-2;تعزيز الصحة النفسية;مشترك
الأنظمة;بكالوريوس;20021304-2;القرآن الكريم (تلاوة وتجويد);فريد
الأنظمة;بكالوريوس;2004112-2;الثقافة الإسلامية (الأخلاق والقيم);مشترك
الأنظمة;بكالوريوس;2011116-2;الثقافة البيئة;مشترك
الأنظمة;بكالوريوس;2021110-2;المهارات الإحصائية;فريد
الأنظمة;بكالوريوس;2061114-2;الثقافة الغذائية;مشترك
الأنظمة;بكالوريوس;3051111-2;مهارات الكتابة الأكاديمية;فريد
الأنظمة;بكالوريوس;3171101-2;المهارات الجامعية;مشترك
الأنظمة;بكالوريوس;3191117-2;اللياقة والثقافة الرياضية;مشترك
الأنظمة;بكالوريوس;3731115-2;الثقافة الصحية;مشترك
الأنظمة;بكالوريوس;6601301-2;مدخل الإدارة;مشترك
الأنظمة;بكالوريوس;6601401-2;مهارات القيادة;مشترك
الأنظمة;بكالوريوس;6602302-2;الابتكار وريادة الأعمال;مشترك
الأنظمة;بكالوريوس;6602322-2;التجارة الالكترونية;مشترك
الأنظمة;بكالوريوس;6605320-2;الوعي المالي والادخار;مشترك
الأنظمة;بكالوريوس;20033201-2;القانون الدبلوماسي والقنصلي;فريد
الأنظمة;بكالوريوس;20033303-2;قانون اعالي البحار;فريد
الأنظمة;بكالوريوس;2003403-2;القانون الرياضي;فريد
الأنظمة;بكالوريوس;2003347-2;نظام البيئة;فريد
الأنظمة;بكالوريوس;20034201-2;نظام حماية المستهلك;فريد
الأنظمة;بكالوريوس;20034202-2;القانون الصحي;فريد
الدراسات الإسلامية;بكالوريوس;104999-3;مهارات اللغة الإنجليزية;مشترك
الدراسات الإسلامية;بكالوريوس;20041302-2;الثقافة الإسلامية (العقيدة والشريعة);مشترك
الدراسات الإسلامية;بكالوريوس;20041303-2;الثقافة الإسلامية (السنة في الإسلام);مشترك
الدراسات الإسلامية;بكالوريوس;2004313-2;الثقافة الإسلامية (النظام الاجتماعي في الإسلام);مشترك
الدراسات الإسلامية;بكالوريوس;103171-2;التحرير العربي;مشترك
الدراسات الإسلامية;بكالوريوس;2001112-2;المدخل لدراسة الفقه;مشترك
الدراسات الإسلامية;بكالوريوس;2002220-2;القرآن الكريم (1);مشترك
الدراسات الإسلامية;بكالوريوس;2002250-2;أصول التفسير ومناهجه;مشترك
الدراسات الإسلامية;بكالوريوس;2002252-2;علوم القران العامة;مشترك
الدراسات الإسلامية;بكالوريوس;20041103-2;مقدمات علم العقيده;فريد
الدراسات الإسلامية;بكالوريوس;2004252-4;الحديث التحليلي (1);فريد
الدراسات الإسلامية;بكالوريوس;103281-2;النحو (1);مشترك
الدراسات الإسلامية;بكالوريوس;2001301-3;الفقه (1);مشترك
الدراسات الإسلامية;بكالوريوس;20021202-2;التجويد;فريد
الدراسات الإسلامية;بكالوريوس;2002202-2;القرآن الكريم (2);مشترك
الدراسات الإسلامية;بكالوريوس;2002210-2;دراسات في علوم القرآن;مشترك
الدراسات الإسلامية;بكالوريوس;20041102-2;علوم الحديث (1);مشترك
الدراسات الإسلامية;بكالوريوس;2004211-4;العقيدة (1);مشترك
الدراسات الإسلامية;بكالوريوس;2001302-3;الفقه (2);مشترك
الدراسات الإسلامية;بكالوريوس;20021203-2;التفسير التحليلي (1);مشترك
الدراسات الإسلامية;بكالوريوس;2002225-2;القرآن الكريم (3);مشترك
الدراسات الإسلامية;بكالوريوس;20042107-2;علوم الحديث (2);مشترك
الدراسات الإسلامية;بكالوريوس;20042111-2;العقيدة (2);مشترك
الدراسات الإسلامية;بكالوريوس;2004256-2;الحديث التحليلي (2);فريد
الدراسات الإسلامية;بكالوريوس;103282-2;النحو (2);مشترك
الدراسات الإسلامية;بكالوريوس;20012106-2;أصول فقه (1);فريد
الدراسات الإسلامية;بكالوريوس;2001265-3;الفقه (3);مشترك
الدراسات الإسلامية;بكالوريوس;2002226-2;القرآن الكريم (4);مشترك
الدراسات الإسلامية;بكالوريوس;20042203-2;العقيدة)٣;فريد
الدراسات الإسلامية;بكالوريوس;2004258-2;دراسات في السيرة النبوية;مشترك
الدراسات الإسلامية;بكالوريوس;2004305-4;أحاديث الأحكام (1);فريد
الدراسات الإسلامية;بكالوريوس;20013101-3;الفقة)٤(;فريد
الدراسات الإسلامية;بكالوريوس;20013106-2;اصول الفقه (2);فريد
الدراسات الإسلامية;بكالوريوس;20013108-2;علم المواريث (1);فريد
الدراسات الإسلامية;بكالوريوس;2002228-2;القرآن الكريم (5);مشترك
الدراسات الإسلامية;بكالوريوس;20023101-3;التفسير التحليلي (2);مشترك
الدراسات الإسلامية;بكالوريوس;2004262-2;الدعوة والحسبة;فريد
الدراسات الإسلامية;بكالوريوس;20043102-2;العقيدة)٤;فريد
الدراسات الإسلامية;بكالوريوس;103245-2;النحو)٣(;فريد
الدراسات الإسلامية;بكالوريوس;20013201-4;الفقة)٥;فريد
الدراسات الإسلامية;بكالوريوس;20013202-2;القواعد الفقهية;مشترك
الدراسات الإسلامية;بكالوريوس;20014101-2;أصول فقه)٣;فريد
الدراسات الإسلامية;بكالوريوس;20014206-2;علم المواريث (2);مشترك
الدراسات الإسلامية;بكالوريوس;2002229-2;القرآن الكريم (6);مشترك
الدراسات الإسلامية;بكالوريوس;2002310-3;التفسير التحليلي (3);مشترك
الدراسات الإسلامية;بكالوريوس;20043103-2;الأديان;مشترك
الدراسات الإسلامية;بكالوريوس;20043203-2;أحاديث الأحكام (2);فريد
الدراسات الإسلامية;بكالوريوس;20013105-2;الفقه المقارن;مشترك
الدراسات الإسلامية;بكالوريوس;2002200-2;المدخل الى التفسير الموضوعي;مشترك
الدراسات الإسلامية;بكالوريوس;2002235-2;القرآن الكريم (7);مشترك
الدراسات الإسلامية;بكالوريوس;2004269-4;التخريج ودراسة الأسانيد;فريد
الدراسات الإسلامية;بكالوريوس;2004272-2;العمل الخيري;فريد
الدراسات الإسلامية;بكالوريوس;20044103-2;مناهج البحث;مشترك
الدراسات الإسلامية;بكالوريوس;20044204-2;المذاهب والتيارات المعاصرة;مشترك
الدراسات الإسلامية;بكالوريوس;20044205-2;الفرق;مشترك
الدراسات الإسلامية;بكالوريوس;2001270-2;فقه النوازل;مشترك
الدراسات الإسلامية;بكالوريوس;2002236-2;القرآن الكريم (8);مشترك
الدراسات الإسلامية;بكالوريوس;20044107-2;الحديث الموضوعي;فريد
الدراسات الإسلامية;بكالوريوس;20044202-2;بحث التخرج;فريد
الدراسات الإسلامية;بكالوريوس;20044220-4;التدريب التعاوني;مشترك
الدراسات الإسلامية;بكالوريوس;1081113-2;تعزيز الصحة النفسية;مشترك
الدراسات الإسلامية;بكالوريوس;2011116-2;الثقافة البيئة;مشترك
الدراسات الإسلامية;بكالوريوس;2061114-2;الثقافة الغذائية;مشترك
الدراسات الإسلامية;بكالوريوس;3191117-2;اللياقة والثقافة الرياضية;مشترك
الدراسات الإسلامية;بكالوريوس;3731115-2;الثقافة الصحية;مشترك
الدراسات الإسلامية;بكالوريوس;2031113-2;الأمن والسلامة المهنية;مشترك
الدراسات الإسلامية;بكالوريوس;6601301-2;مدخل الإدارة;مشترك
الدراسات الإسلامية;بكالوريوس;6601401-2;مهارات القيادة;مشترك
الدراسات الإسلامية;بكالوريوس;6602302-2;الابتكاروريادة الأعمال;فريد
الدراسات الإسلامية;بكالوريوس;6602322-2;التجارة الالكترونية;مشترك
الدراسات الإسلامية;بكالوريوس;6605320-2;الوعي المالي والادخار;مشترك
الدراسات الإسلامية;بكالوريوس;1031101-2;مهارات اللغة العربية;مشترك
الدراسات الإسلامية;بكالوريوس;105125-2;تاريخ المملكة العربية السعودية;مشترك
الدراسات الإسلامية;بكالوريوس;2001114-2;ملامح السيرة النبوية;مشترك
الدراسات الإسلامية;بكالوريوس;20031301-2;مبادئ القانون;مشترك
الدراسات الإسلامية;بكالوريوس;2003215-2;حقوق االنسان;فريد
الدراسات الإسلامية;بكالوريوس;2021110-2;المهارات اإلحصائية;مشترك
الدراسات الإسلامية;بكالوريوس;3051111-2;مهارات الكتابة األكاديمية;مشترك
الدراسات الإسلامية;بكالوريوس;3051123-2;العمل التطوعي والمسؤولية المجتمعية;مشترك
الدراسات الإسلامية;بكالوريوس;3171101-2;المهارات الجامعية;مشترك
الدراسات الإسلامية;بكالوريوس;20021304-2;القرآن الكريم (التلاوة والتجويد);فريد
الدراسات الإسلامية;بكالوريوس;2004112-2;الثقافة الإسلامية (الأخلاق والقيم);مشترك
الدراسات الإسلامية;بكالوريوس;20043207-2;الثقافة الإسلامية (الفقه الطبي);فريد
الدراسات الإسلامية;بكالوريوس;20043109-2;دراسات في سير السلف;فريد
الدراسات الإسلامية;بكالوريوس;20043110-2;محاسن الإسلام;فريد
الدراسات الإسلامية;بكالوريوس;20043111-2;الأمن الفكري;مشترك
الشريعة;بكالوريوس;2001110-2;المقدمات الأصولية;فريد
الشريعة;بكالوريوس;2001112-2;المدخل لدراسة الفقه;مشترك
الشريعة;بكالوريوس;2001115-4;الفقه (1);مشترك
الشريعة;بكالوريوس;2002220-2;القرآن الكريم (1);مشترك
الشريعة;بكالوريوس;2002252-2;علوم القران العامة;مشترك
الشريعة;بكالوريوس;20041102-2;علوم الحديث (1);مشترك
الشريعة;بكالوريوس;2004273-2;العقيدة (1);مشترك
الشريعة;بكالوريوس;2001116-4;الفقه (2);مشترك
الشريعة;بكالوريوس;2001126-2;فقه تاريخ عصر الراشدين;فريد
الشريعة;بكالوريوس;2001127-2;الحكم الشرعي والتكليف;فريد
الشريعة;بكالوريوس;2001128-2;فقه آيات وأحاديث الأحكام (1);فريد
الشريعة;بكالوريوس;2002221-2;القران الكريم (2);فريد
الشريعة;بكالوريوس;2002250-2;أصول التفسير ومناهجه;مشترك
الشريعة;بكالوريوس;20042107-2;علوم الحديث (2);مشترك
الشريعة;بكالوريوس;2004245-2;العقيدة (2);مشترك
الشريعة;بكالوريوس;103131-3;النحو (1);مشترك
الشريعة;بكالوريوس;2001215-4;الفقه (3);مشترك
الشريعة;بكالوريوس;2001250-4;أدلة الاحكام الشرعية (1);فريد
الشريعة;بكالوريوس;2001255-2;قاعة بحث في الفقه وأصوله;فريد
الشريعة;بكالوريوس;2001256-2;فقه آيات وأحاديث الأحكام (2);فريد
الشريعة;بكالوريوس;2004373-2;العقيدة (3);مشترك
الشريعة;بكالوريوس;2004493-2;تخريج ودراسة الأسانيد;مشترك
الشريعة;بكالوريوس;2001216-4;الفقه (4);مشترك
الشريعة;بكالوريوس;2001225-2;الفقه المقارن;مشترك
الشريعة;بكالوريوس;2001257-2;فقه آيات وأحاديث الأحكام (3);فريد
الشريعة;بكالوريوس;2001261-2;أدلة الأحكام الشرعية (2);فريد
الشريعة;بكالوريوس;2001310-2;السياسة الشرعية;فريد
الشريعة;بكالوريوس;2002225-2;القرآن الكريم (3);مشترك
الشريعة;بكالوريوس;2004258-2;دراسات في السيرة النبوية;مشترك
الشريعة;بكالوريوس;2004301-2;تدوين السنة;فريد
الشريعة;بكالوريوس;103212-3;النحو (2);مشترك
الشريعة;بكالوريوس;2001148-2;الخلاف والمناظرة;فريد
الشريعة;بكالوريوس;2001258-2;فقه آيات وأحاديث الاأحكام (4);فريد
الشريعة;بكالوريوس;2001311-4;الفقه (5);مشترك
الشريعة;بكالوريوس;2001350-2;دلالات الالفاظ(1);فريد
الشريعة;بكالوريوس;2001351-3;علم المواريث 1;فريد
الشريعة;بكالوريوس;2002226-2;القرآن الكريم (4);مشترك
الشريعة;بكالوريوس;2004474-2;العقيدة (4);مشترك
الشريعة;بكالوريوس;103213-3;النحو (3);مشترك
الشريعة;بكالوريوس;2001259-2;فقه آيات وأحاديث الأحكام (5);فريد
الشريعة;بكالوريوس;2001263-4;دلالات الألفاظ (2);فريد
الشريعة;بكالوريوس;2001321-4;الفقه (6);مشترك
الشريعة;بكالوريوس;2001352-2;علم المواريث (2);مشترك
الشريعة;بكالوريوس;2003229-2;نظام الاجراءات الجزائية;فريد
الشريعة;بكالوريوس;20044204-2;المذاهب والتيارات المعاصرة;مشترك
الشريعة;بكالوريوس;2004476-2;الأديان والفرق;فريد
الشريعة;بكالوريوس;103141-2;البلاغة;مشترك
الشريعة;بكالوريوس;2001383-2;الاقتصاد الإسالمي;فريد
الشريعة;بكالوريوس;2001411-4;الفقه (7);مشترك
الشريعة;بكالوريوس;2001413-2;تخريج الفروع على الأصول;فريد
الشريعة;بكالوريوس;2001414-4;القياس;مشترك
الشريعة;بكالوريوس;2001419-2;القواعد الفقهية (1);فريد
الشريعة;بكالوريوس;2003230-2;مبادئ القانون التجاري;فريد
الشريعة;بكالوريوس;20034102-2;النظام القضائي في المملكة;فريد
الشريعة;بكالوريوس;2001237-4;التدريب العملي;فريد
الشريعة;بكالوريوس;2001346-2;مقاصد الشريعة;مشترك
الشريعة;بكالوريوس;2001421-4;الفقه (8);فريد
الشريعة;بكالوريوس;2001425-2;القواعد الفقهية (2);فريد
الشريعة;بكالوريوس;2001433-2;الاجتهاد والتعارض والترجيح;فريد
الشريعة;بكالوريوس;2001465-2;فقه النوازل;مشترك
الشريعة;بكالوريوس;104999-3;مهارات اللغة اإلنجليزية;مشترك
الشريعة;بكالوريوس;20041303-2;الثقافة الإسلامية (السنة في الإسلام);مشترك
الشريعة;بكالوريوس;20041302-2;الثقافة الإسلامية (العقيدة والشريعة);مشترك
الشريعة;بكالوريوس;2004313-2;ثقافة إسلامية (3);مشترك
الشريعة;بكالوريوس;1031101-2;مهارات اللغة العربية;مشترك
الشريعة;بكالوريوس;2021110-2;المهارات اإلحصائية;مشترك
الشريعة;بكالوريوس;3051111-2;مهارات الكتابة األكاديمية;مشترك
الشريعة;بكالوريوس;3171101-2;المهارات الجامعية;مشترك
الشريعة;بكالوريوس;105125-2;تاريخ المملكة العربية السعودية;مشترك
الشريعة;بكالوريوس;2001114-2;ملامح السيرة النبوية;مشترك
الشريعة;بكالوريوس;20031301-2;مبادئ القانون;مشترك
الشريعة;بكالوريوس;2031113-2;الأمن والسلامة المهنية;مشترك
الشريعة;بكالوريوس;6601301-2;مدخل الإدارة;مشترك
الشريعة;بكالوريوس;6601401-2;مهارات القيادة;مشترك
الشريعة;بكالوريوس;1061120-2;صناعة المحتوى الرقمي;مشترك
الشريعة;بكالوريوس;2003215-2;حقوق الانسان;مشترك
الشريعة;بكالوريوس;3051123-2;العمل التطوعي والمسؤولية المجتمعية;مشترك
الشريعة;بكالوريوس;44041122-2;التصميم والجرافيك;مشترك
الشريعة;بكالوريوس;5011119-2;تطبيقات الذكاء االصطناعي;مشترك
الشريعة;بكالوريوس;501121-3;مقدمة في البرمجة;مشترك
الشريعة;بكالوريوس;5021118-2;مهارات الحاسب الآلي وتقنية المعلومات;مشترك
القراءات;بكالوريوس;2001112-2;المدخل لدراسة الفقه;مشترك
القراءات;بكالوريوس;2002102-4;أصول القراءات السبع (1);فريد
القراءات;بكالوريوس;2002103-2;التجويد (1);مشترك
القراءات;بكالوريوس;2002252-2;علوم القران العامة;مشترك
القراءات;بكالوريوس;2004258-2;دراسات في السيرة النبوية;مشترك
القراءات;بكالوريوس;103171-2;التحرير العربي;مشترك
القراءات;بكالوريوس;103411-2;الصرف;مشترك
القراءات;بكالوريوس;2002104-2;آداب حملة القرآن;مشترك
القراءات;بكالوريوس;2002105-4;أصول القراءات السبع (2);فريد
القراءات;بكالوريوس;2002106-2;التجويد (2);مشترك
القراءات;بكالوريوس;2002110-2;مدخل إلى علوم القراءات;مشترك
القراءات;بكالوريوس;2002210-2;دراسات في علوم القرآن;مشترك
القراءات;بكالوريوس;103281-2;النحو (1);مشترك
القراءات;بكالوريوس;20012211-2;الفقة (1);مشترك
القراءات;بكالوريوس;2002111-3;عرض القراءات السبع (1);فريد
القراءات;بكالوريوس;20021203-2;التفسير التحليلي (1);مشترك
القراءات;بكالوريوس;2002201-2;فرش القراءات السبع (1);فريد
القراءات;بكالوريوس;2002280-2;تدريبات على الجمع والكيفيات;فريد
القراءات;بكالوريوس;2004102-2;مصطلح الحديث;مشترك
القراءات;بكالوريوس;2004273-2;العقيدة (1);مشترك
القراءات;بكالوريوس;103282-2;النحو (2);مشترك
القراءات;بكالوريوس;20012212-2;الفقة (2);فريد
القراءات;بكالوريوس;2002112-3;عرض القراءا السبع (2);فريد
القراءات;بكالوريوس;2002206-2;فرش القراءات السبع (2);فريد
القراءات;بكالوريوس;2002250-2;أصول التفسير ومناهجه;مشترك
القراءات;بكالوريوس;2002318-2;توجيه القراءات;مشترك
القراءات;بكالوريوس;2002352-2;التفسير التحليلي (2);مشترك
القراءات;بكالوريوس;2004205-2;الحديث (1);مشترك
القراءات;بكالوريوس;2004245-2;العقيدة (2);مشترك
القراءات;بكالوريوس;103245-2;النحو (3);مشترك
القراءات;بكالوريوس;2001445-2;أصول الفقه;فريد
القراءات;بكالوريوس;2002113-3;عرض القراءات السبع(3);فريد
القراءات;بكالوريوس;2002301-2;فرش القراءات السبع (3);مشترك
القراءات;بكالوريوس;2002305-2;رسم المصحف (1);فريد
القراءات;بكالوريوس;20023205-2;التفسير التحليلي (3);مشترك
القراءات;بكالوريوس;2004209-2;الحديث (2);مشترك
القراءات;بكالوريوس;2004373-2;العقيدة (3);مشترك
القراءات;بكالوريوس;103141-2;البلاغة;مشترك
القراءات;بكالوريوس;103349-2;النحو (4);مشترك
القراءات;بكالوريوس;2002114-3;عرض القراءات السبع(4);فريد
القراءات;بكالوريوس;2002200-2;المدخل الى التفسير الموضوعي;مشترك
القراءات;بكالوريوس;2002307-2;فرش القراءات السبع (4);فريد
القراءات;بكالوريوس;2002309-2;رسم المصحف (2);فريد
القراءات;بكالوريوس;2002419-2;مناهج البحث;مشترك
القراءات;بكالوريوس;2002429-2;الانتصار للقرآن;مشترك
القراءات;بكالوريوس;2004320-2;الحديث (3);مشترك
القراءات;بكالوريوس;2004474-2;العقيدة (4);مشترك
القراءات;بكالوريوس;20023110-2;مشروع التخرج;فريد
القراءات;بكالوريوس;2002401-2;القراءات الثالث (1);فريد
القراءات;بكالوريوس;2002409-2;علم عد اآلي;فريد
القراءات;بكالوريوس;2002416-2;التقنيات الحديثة في الدراسات القرآنية;مشترك
القراءات;بكالوريوس;2002425-2;علم الضبط;فريد
القراءات;بكالوريوس;2002456-2;إعجاز القرآن الكريم;مشترك
القراءات;بكالوريوس;2002460-2;عرض القراءات الثلاث(1);فريد
القراءات;بكالوريوس;2004403-2;الأديان والفرق والمذاهب المعاصرة;مشترك
القراءات;بكالوريوس;2004493-2;تخريج ودراسة الأسانيد;مشترك
القراءات;بكالوريوس;2002266-6;التدريب التعاوني;مشترك
القراءات;بكالوريوس;2002407-2;القراءات الثالث (2);فريد
القراءات;بكالوريوس;2002461-2;عرض القراءات الثلاث(2);فريد
القراءات;بكالوريوس;104999-3;مهارات اللغة اإلنجليزية;مشترك
القراءات;بكالوريوس;20041302-2;الثقافة الإسلامية (العقيدة والشريعة);مشترك
القراءات;بكالوريوس;20041303-2;الثقافة الإسلامية (السنة في الإسلام);مشترك
القراءات;بكالوريوس;2004313-2;ثقافة إسلامية (3);مشترك
القراءات;بكالوريوس;105125-2;تاريخ المملكة العربية السعودية;مشترك
القراءات;بكالوريوس;2001114-2;ملامح السيرة النبوية;مشترك
القراءات;بكالوريوس;20031301-2;مبادئ القانون;مشترك
القراءات;بكالوريوس;2003215-2;حقوق الانسان;مشترك
القراءات;بكالوريوس;3051123-2;العمل التطوعي والمسؤولية المجتمعية;مشترك
القراءات;بكالوريوس;1031101-2;مهارات اللغة العربية;مشترك
القراءات;بكالوريوس;2021110-2;المهارات اإلحصائية;مشترك
القراءات;بكالوريوس;3051111-2;مهارات الكتابة األكاديمية;مشترك
القراءات;بكالوريوس;3171101-2;المهارات الجامعية;مشترك
القراءات;بكالوريوس;6601301-2;مدخل الإدارة;مشترك
القراءات;بكالوريوس;6601401-2;مهارات القيادة;مشترك
القراءات;بكالوريوس;6602302-2;الابتكار وريادة الأعمال;مشترك
القراءات;بكالوريوس;6602322-2;التجارة الالكترونية;مشترك
القراءات;بكالوريوس;6605320-2;الوعي المالي والادخار;مشترك
القراءات;بكالوريوس;1081113-2;تعزيز الصحة النفسية;مشترك
القراءات;بكالوريوس;2011116-2;الثقافة البيئة;مشترك
القراءات;بكالوريوس;2061114-2;الثقافة الغذائية;مشترك
القراءات;بكالوريوس;3191117-2;اللياقة والثقافة الرياضية;مشترك
القراءات;بكالوريوس;3731115-2;الثقافة الصحية;مشترك
القراءات;بكالوريوس;1061120-2;صناعة المحتوى الرقمي;مشترك
القراءات;بكالوريوس;44041122-2;التصميم والجرافيك;مشترك
القراءات;بكالوريوس;5011119-2;تطبيقات الذكاء االصطناعي;مشترك
القراءات;بكالوريوس;5011121-2;البرمجة لغير المختصين;مشترك
القراءات;بكالوريوس;5021118-2;مهارات الحاسب الآلي وتقنية المعلومات;مشترك
القراءات;بكالوريوس;2002238-2;الوقف والابنداء;فريد
القراءات;بكالوريوس;2002239-2;مصادر ومناهج المؤلفين في القراءات;فريد
القرآن وعلومه;بكالوريوس;104999-3;مهارات اللغة اإلنجليزية;مشترك
القرآن وعلومه;بكالوريوس;20041302-2;الثقافة الإسلامية (العقيدة والشريعة);مشترك
القرآن وعلومه;بكالوريوس;20041303-2;الثقافة الإسلامية (السنة في الإسلام);مشترك
القرآن وعلومه;بكالوريوس;2004313-2;ثقافة إسلامية (3);مشترك
القرآن وعلومه;بكالوريوس;103171-2;التحرير العربي;مشترك
القرآن وعلومه;بكالوريوس;2001112-2;المدخل لدراسة الفقه;مشترك
القرآن وعلومه;بكالوريوس;2002103-2;التجويد (1);مشترك
القرآن وعلومه;بكالوريوس;2002110-2;مدخل إلى علوم القراءات;مشترك
القرآن وعلومه;بكالوريوس;2002114-2;تلاوة وحفظ (1);فريد
القرآن وعلومه;بكالوريوس;2002116-2;آداب حملة القرآن;مشترك
القرآن وعلومه;بكالوريوس;2002117-2;تاريخ التفسير;مشترك
القرآن وعلومه;بكالوريوس;2002252-2;علوم القران العامة;مشترك
القرآن وعلومه;بكالوريوس;2004258-2;دراسات في السيرة النبوية;مشترك
القرآن وعلومه;بكالوريوس;103281-2;النحو (1);مشترك
القرآن وعلومه;بكالوريوس;2002106-2;التجويد (2);مشترك
القرآن وعلومه;بكالوريوس;20021204-2;علوم تدوين القرآن;فريد
القرآن وعلومه;بكالوريوس;2002124-2;تلاوة وحفظ (2);فريد
القرآن وعلومه;بكالوريوس;2002204-2;التفسير (1);مشترك
القرآن وعلومه;بكالوريوس;20022250-2;اصول التفسير;فريد
القرآن وعلومه;بكالوريوس;2004102-2;مصطلح الحديث;مشترك
القرآن وعلومه;بكالوريوس;103282-2;النحو (2);مشترك
القرآن وعلومه;بكالوريوس;2001221-2;الفقة (1);مشترك
القرآن وعلومه;بكالوريوس;2002208-2;التفسير (2);مشترك
القرآن وعلومه;بكالوريوس;2002212-2;قواعد التفسير;فريد
القرآن وعلومه;بكالوريوس;2002215-2;تلاوة وحفظ (3);فريد
القرآن وعلومه;بكالوريوس;2003220-2;المدخل لدراسة الأنظمة;مشترك
القرآن وعلومه;بكالوريوس;2004205-2;الحديث (1);مشترك
القرآن وعلومه;بكالوريوس;2004273-2;العقيدة (1);مشترك
القرآن وعلومه;بكالوريوس;2007314-2;علوم دلالات القرآن;فريد
القرآن وعلومه;بكالوريوس;103245-2;النحو (3);مشترك
القرآن وعلومه;بكالوريوس;2001322-2;الفقه (2);مشترك
القرآن وعلومه;بكالوريوس;20022201-2;لغة القرآن وأساليبه;فريد
القرآن وعلومه;بكالوريوس;2002222-2;مناهج المفسرين;فريد
القرآن وعلومه;بكالوريوس;2002224-2;تلاوة وحفظ (4);فريد
القرآن وعلومه;بكالوريوس;2002306-2;التفسير (3);مشترك
القرآن وعلومه;بكالوريوس;2002318-2;توجيه القراءات;مشترك
القرآن وعلومه;بكالوريوس;2004209-2;الحديث (2);مشترك
القرآن وعلومه;بكالوريوس;2004245-2;العقيدة (2);مشترك
القرآن وعلومه;بكالوريوس;2004493-2;تخريج ودراسة الأسانيد;مشترك
القرآن وعلومه;بكالوريوس;103349-2;النحو (4);مشترك
القرآن وعلومه;بكالوريوس;103411-2;الصرف;مشترك
القرآن وعلومه;بكالوريوس;2001113-2;أصول الفقه (1);مشترك
القرآن وعلومه;بكالوريوس;2001317-2;الفقه (3);مشترك
القرآن وعلومه;بكالوريوس;2002314-2;تلاوة وحفظ (5);فريد
القرآن وعلومه;بكالوريوس;2002317-2;التفسير (4);فريد
القرآن وعلومه;بكالوريوس;2004320-2;الحديث (3);مشترك
القرآن وعلومه;بكالوريوس;2004373-2;العقيدة (3);مشترك
القرآن وعلومه;بكالوريوس;103412-2;البلاغة (1);فريد
القرآن وعلومه;بكالوريوس;2001330-2;أصول الفقه (2);مشترك
القرآن وعلومه;بكالوريوس;2002325-2;تلاوة وحفظ (6);فريد
القرآن وعلومه;بكالوريوس;2002327-2;التفسير (5);فريد
القرآن وعلومه;بكالوريوس;2002416-2;التقنيات الحديثة في الدراسات القرآنية;مشترك
القرآن وعلومه;بكالوريوس;2002419-2;مناهج البحث;مشترك
القرآن وعلومه;بكالوريوس;2002454-2;التفسير الموضوعي;مشترك
القرآن وعلومه;بكالوريوس;2004474-2;العقيدة (4);مشترك
القرآن وعلومه;بكالوريوس;103422-2;البلاغة (2);فريد
القرآن وعلومه;بكالوريوس;20024101-2;قاعة بحث;مشترك
القرآن وعلومه;بكالوريوس;20024102-2;تفسير جزء عم;فريد
القرآن وعلومه;بكالوريوس;2002413-2;التفسير (6);فريد
القرآن وعلومه;بكالوريوس;2002414-2;تلاوة وحفظ (7);فريد
القرآن وعلومه;بكالوريوس;2002429-2;النتصار للقرآن;فريد
القرآن وعلومه;بكالوريوس;2002456-2;إعجاز القرآن الكريم;مشترك
القرآن وعلومه;بكالوريوس;2004403-2;الأديان والفرق والمذاهب المعاصرة;مشترك
القرآن وعلومه;بكالوريوس;2002266-5;التدريب التعاوني;مشترك
القرآن وعلومه;بكالوريوس;2002420-2;تلاوة وحفظ (8);فريد
القرآن وعلومه;بكالوريوس;105125-2;تاريخ المملكة العربية السعودية;مشترك
القرآن وعلومه;بكالوريوس;2001114-2;ملامح السيرة النبوية;مشترك
القرآن وعلومه;بكالوريوس;20031301-2;مبادئ القانون;مشترك
القرآن وعلومه;بكالوريوس;2003215-2;حقوق الانسان;مشترك
القرآن وعلومه;بكالوريوس;3051123-2;العمل التطوعي والمسؤولية المجتمعية;مشترك
القرآن وعلومه;بكالوريوس;1031101-2;مهارات اللغة العربية;مشترك
القرآن وعلومه;بكالوريوس;2021110-2;المهارات اإلحصائية;مشترك
القرآن وعلومه;بكالوريوس;3051111-2;مهارات الكتابة األكاديمية;مشترك
القرآن وعلومه;بكالوريوس;3171101-2;المهارات الجامعية;مشترك
القرآن وعلومه;بكالوريوس;6601301-2;مدخل الإدارة;مشترك
القرآن وعلومه;بكالوريوس;6601401-2;مهارات القيادة;مشترك
القرآن وعلومه;بكالوريوس;6602302-2;الابتكار وريادة الأعمال;مشترك
القرآن وعلومه;بكالوريوس;6602322-2;التجارة الالكترونية;مشترك
القرآن وعلومه;بكالوريوس;6605320-2;الوعي المالي والادخار;مشترك
القرآن وعلومه;بكالوريوس;1081113-2;تعزيز الصحة النفسية;مشترك
القرآن وعلومه;بكالوريوس;2011116-2;الثقافة البيئة;مشترك
القرآن وعلومه;بكالوريوس;2061114-2;الثقافة الغذائية;مشترك
القرآن وعلومه;بكالوريوس;3191117-2;اللياقة والثقافة الرياضية;مشترك
القرآن وعلومه;بكالوريوس;3731115-2;الثقافة الصحية;مشترك
القرآن وعلومه;بكالوريوس;1061120-2;صناعة المحتوى الرقمي;مشترك
القرآن وعلومه;بكالوريوس;44041122-2;التصميم والجرافيك;مشترك
القرآن وعلومه;بكالوريوس;5011119-2;تطبيقات الذكاء االصطناعي;مشترك
القرآن وعلومه;بكالوريوس;501121-3;مقدمة في البرمجة;مشترك
القرآن وعلومه;بكالوريوس;5021118-2;مهارات الحاسب الآلي وتقنية المعلومات;مشترك
أصول الفقه;ماجستير;2001700-2;مصادر ومناهج أصولية;فريد
أصول الفقه;ماجستير;2001701-3;الأدلة الشرعية (1);فريد
أصول الفقه;ماجستير;2001702-2;مقاصد الشريعة;فريد
أصول الفقه;ماجستير;2001703-2;الفقه المقارن;فريد
أصول الفقه;ماجستير;2001704-2;الأدلة الشرعية (2);فريد
أصول الفقه;ماجستير;2001705-3;بناء الأصول على الأصول;فريد
أصول الفقه;ماجستير;2001706-2;مناهج البحث;فريد
أصول الفقه;ماجستير;2001707-2;تطبيقات أصولية;فريد
أصول الفقه;ماجستير;2001708-2;أصول المناظرة والجدل;فريد
أصول الفقه;ماجستير;2001709-3;دلالات الألفاظ;فريد
أصول الفقه;ماجستير;2001710-4;قواعد التعارض والترجيح;فريد
أصول الفقه;ماجستير;2001711-4;دراسة تحليلية في مصادر أصولية;فريد
أصول الفقه;ماجستير;2001712-2;تنزيل الأحكام على الوقائع القضائية;فريد
أصول الفقه;ماجستير;2001713-4;مشروع بحث التخرج;فريد
أصول الفقه;ماجستير;2001715-3;القياس;فريد
الفقه;ماجستير;2001801-2;أصول البحث العلمي;فريد
الفقه;ماجستير;2001802-2;الفقه المقارن;فريد
الفقه;ماجستير;2001803-2;النظريات الفقهية;فريد
الفقه;ماجستير;2001804-2;دراسة تحليلية للمذاهب الفقهية (1);فريد
الفقه;ماجستير;2001811-2;فقه المآلات;فريد
الفقه;ماجستير;2001812-2;تخريج الفروع على الاصول;فريد
الفقه;ماجستير;2001813-2;فقه النوازل (1);فريد
الفقه;ماجستير;2001814-2;دراسة تحليلية للمذاهب الفقهية (2);فريد
الفقه;ماجستير;2001822-2;تطبيقات في القواعد الفقهية;فريد
الفقه;ماجستير;2001823-2;فقه النوازل (2);فريد
الفقه;ماجستير;2001824-2;فقه المعاملات المالية المعاصرة;فريد
الفقه;ماجستير;2003880-2;الأنظمة العدلية في السعودية;فريد
الفقه;ماجستير;2001831-4;تدريبات منهجية عملية (مصرفية);فريد
الفقه;ماجستير;2001832-4;تدريبات منهجية عملية (قضائية - طبية);فريد
الفقه;ماجستير;2001833-4;مشروع تخرج بحثي;فريد
القانون;ماجستير;2003801-2;الاختصاص القضائي وسندات التنفيذ;فريد
القانون;ماجستير;2003802-2;المسئولية المدنية;فريد
القانون;ماجستير;2003803-2;أصول البحث القانوني;فريد
القانون;ماجستير;2003804-2;تدريبات قانونية ١ (الاختصاص المدني);فريد
القانون;ماجستير;2003811-2;فض المنازعات التجارية;فريد
القانون;ماجستير;2003812-2;القواعد القانونية للشركات التجارية;فريد
القانون;ماجستير;2003813-2;تدريبات قانونية ٢ (الاختصاص التجاري);فريد
القانون;ماجستير;2003814-2;قانون الإفلاس;فريد
القانون;ماجستير;2003821-2;أصول التأديب الإداري وضماناته;فريد
القانون;ماجستير;2003822-2;أسس التعاقدات الحكومية;فريد
القانون;ماجستير;2003823-2;تدريبات قانونية ٣ (الاختصاص الإداري);فريد
القانون;ماجستير;2003831-2;إجراءات التحقيق الجزائي;فريد
القانون;ماجستير;2003832-2;المسئولية الجزائية;فريد
القانون;ماجستير;2003833-4;مشروع بحثي;مشترك
القانون;ماجستير;2001880-2;أصول الفقه (دلالات الألفاظ);فريد
القانون;ماجستير;2003805-2;المعاملات العقارية;فريد
القانون;ماجستير;2003815-2;قانون التجارة والاستثمار الدولي;فريد
القانون;ماجستير;2003816-2;الزكاة والقانون الضريبي;فريد
القانون;ماجستير;2001881-2;فقه المعاملات;فريد
القانون;ماجستير;2003824-2;نظام المرافعات أمام ديوان المظالم;فريد
العقيدة;ماجستير;2001711-2;التوحيد العلمي;فريد
العقيدة;ماجستير;2001712-3;الأديان;فريد
العقيدة;ماجستير;2001715-2;منهج البحث وتحقيق التراث;فريد
العقيدة;ماجستير;2001726-2;دراسة نصية في كتب العقيدة;فريد
العقيدة;ماجستير;2001734-2;الأمن الفكري;فريد
العقيدة;ماجستير;2001714-3;الفرق;فريد
العقيدة;ماجستير;2001717-2;التخريج ودراسة الاسانيد;فريد
العقيدة;ماجستير;2001721-2;التوحيد العملي;فريد
العقيدة;ماجستير;2001725-2;بحث عقدي;فريد
العقيدة;ماجستير;2001731-2;النبوة والمعاد;فريد
العقيدة;ماجستير;2001713-3;مذاهب فكرية معاصرة;فريد
العقيدة;ماجستير;2001716-3;مشكل نصوص العقيدة;فريد
العقيدة;ماجستير;2001732-3;المنطق القديم عرض ونقد;فريد
العقيدة;ماجستير;2001733-2;الإيمان والقدر;فريد
العقيدة;ماجستير;2001741-10;الرسالة;مشترك
الفقه;دكتوراه;2001801;التحرير الفقهي;فريد
الفقه;دكتوراه;2001803;تطبيقات فقهية في الاجتهاد والفتوى;فريد
الفقه;دكتوراه;2001802;قضايا فقهية معاصرة;فريد
الفقه;دكتوراه;2001804;متابعة الأبحاث والتحقيقات الفقهية ونقدها;فريد
الفقه;دكتوراه;PHD-FIQH-EXAM;الاختبار الفقهي الشامل;مشترك
الفقه;دكتوراه;2001809;الرسالة;مشترك
أصول الفقه;دكتوراه;2001900;المصطلحات والفروق الأصولية;فريد
أصول الفقه;دكتوراه;2001902;دراسة تحليلية أصولية;فريد
أصول الفقه;دكتوراه;2001901;دراسات مقاصدية;فريد
أصول الفقه;دكتوراه;2001903;الاجتهاد الاستدلالي والفتوى;فريد
أصول الفقه;دكتوراه;PHD-USUL-EXAM;الاختبار الشامل;مشترك
أصول الفقه;دكتوراه;THESIS-PHD-USUL;الرسالة;مشترك
